<?xml version="1.0" encoding="UTF-8"?>
<ODPMI>
	<state>
		<name>AL</name>
		<Case_AL>4533</Case_AL>
		<Case_DE>14547</Case_DE>
		<Case_AL_Rate>0.2376</Case_AL_Rate>
	</state>
	<state>
		<name>AR</name>
		<Case_AL>5619</Case_AL>
		<Case_DE>13154</Case_DE>
		<Case_AL_Rate>0.2993</Case_AL_Rate>
	</state>
	<state>
		<name>AZ</name>
		<Case_AL>3112</Case_AL>
		<Case_DE>10032</Case_DE>
		<Case_AL_Rate>0.2368</Case_AL_Rate>
	</state>
	<state>
		<name>CA</name>
		<Case_AL>23479</Case_AL>
		<Case_DE>55845</Case_DE>
		<Case_AL_Rate>0.296</Case_AL_Rate>
	</state>
	<state>
		<name>CO</name>
		<Case_AL>2006</Case_AL>
		<Case_DE>4833</Case_DE>
		<Case_AL_Rate>0.2933</Case_AL_Rate>
	</state>
	<state>
		<name>CT</name>
		<Case_AL>2529</Case_AL>
		<Case_DE>9296</Case_DE>
		<Case_AL_Rate>0.2139</Case_AL_Rate>
	</state>
	<state>
		<name>DC</name>
		<Case_AL>1282</Case_AL>
		<Case_DE>2453</Case_DE>
		<Case_AL_Rate>0.3432</Case_AL_Rate>
	</state>
	<state>
		<name>DE</name>
		<Case_AL>574</Case_AL>
		<Case_DE>2408</Case_DE>
		<Case_AL_Rate>0.1925</Case_AL_Rate>
	</state>
	<state>
		<name>EA</name>
		<Case_AL>1846</Case_AL>
		<Case_DE>4099</Case_DE>
		<Case_AL_Rate>0.3105</Case_AL_Rate>
	</state>
	<state>
		<name>EM</name>
		<Case_AL>267</Case_AL>
		<Case_DE>1785</Case_DE>
		<Case_AL_Rate>0.1301</Case_AL_Rate>
	</state>
	<state>
		<name>EO</name>
		<Case_AL>676</Case_AL>
		<Case_DE>2128</Case_DE>
		<Case_AL_Rate>0.2411</Case_AL_Rate>
	</state>
	<state>
		<name>EV</name>
		<Case_AL>848</Case_AL>
		<Case_DE>1756</Case_DE>
		<Case_AL_Rate>0.3257</Case_AL_Rate>
	</state>
	<state>
		<name>FD</name>
		<Case_AL>227</Case_AL>
		<Case_DE>436</Case_DE>
		<Case_AL_Rate>0.3424</Case_AL_Rate>
	</state>
	<state>
		<name>FL</name>
		<Case_AL>18148</Case_AL>
		<Case_DE>53574</Case_DE>
		<Case_AL_Rate>0.253</Case_AL_Rate>
	</state>
	<state>
		<name>GA</name>
		<Case_AL>5372</Case_AL>
		<Case_DE>25011</Case_DE>
		<Case_AL_Rate>0.1768</Case_AL_Rate>
	</state>
	<state>
		<name>GU</name>
		<Case_AL>77</Case_AL>
		<Case_DE>67</Case_DE>
		<Case_AL_Rate>0.5347</Case_AL_Rate>
	</state>
	<state>
		<name>HI</name>
		<Case_AL>743</Case_AL>
		<Case_DE>1354</Case_DE>
		<Case_AL_Rate>0.3543</Case_AL_Rate>
	</state>
	<state>
		<name>IA</name>
		<Case_AL>2306</Case_AL>
		<Case_DE>6092</Case_DE>
		<Case_AL_Rate>0.2746</Case_AL_Rate>
	</state>
	<state>
		<name>ID</name>
		<Case_AL>1494</Case_AL>
		<Case_DE>3454</Case_DE>
		<Case_AL_Rate>0.3019</Case_AL_Rate>
	</state>
	<state>
		<name>IL</name>
		<Case_AL>9167</Case_AL>
		<Case_DE>27945</Case_DE>
		<Case_AL_Rate>0.247</Case_AL_Rate>
	</state>
	<state>
		<name>IN</name>
		<Case_AL>4801</Case_AL>
		<Case_DE>21771</Case_DE>
		<Case_AL_Rate>0.1807</Case_AL_Rate>
	</state>
	<state>
		<name>IO</name>
		<Case_AL>209</Case_AL>
		<Case_DE>172</Case_DE>
		<Case_AL_Rate>0.5486</Case_AL_Rate>
	</state>
	<state>
		<name>KS</name>
		<Case_AL>2059</Case_AL>
		<Case_DE>5173</Case_DE>
		<Case_AL_Rate>0.2847</Case_AL_Rate>
	</state>
	<state>
		<name>KY</name>
		<Case_AL>5077</Case_AL>
		<Case_DE>17479</Case_DE>
		<Case_AL_Rate>0.2251</Case_AL_Rate>
	</state>
	<state>
		<name>LA</name>
		<Case_AL>4913</Case_AL>
		<Case_DE>11653</Case_DE>
		<Case_AL_Rate>0.2966</Case_AL_Rate>
	</state>
	<state>
		<name>MA</name>
		<Case_AL>9919</Case_AL>
		<Case_DE>13563</Case_DE>
		<Case_AL_Rate>0.4224</Case_AL_Rate>
	</state>
	<state>
		<name>MD</name>
		<Case_AL>4910</Case_AL>
		<Case_DE>15442</Case_DE>
		<Case_AL_Rate>0.2413</Case_AL_Rate>
	</state>
	<state>
		<name>ME</name>
		<Case_AL>1490</Case_AL>
		<Case_DE>3722</Case_DE>
		<Case_AL_Rate>0.2859</Case_AL_Rate>
	</state>
	<state>
		<name>MI</name>
		<Case_AL>8977</Case_AL>
		<Case_DE>25515</Case_DE>
		<Case_AL_Rate>0.2603</Case_AL_Rate>
	</state>
	<state>
		<name>MN</name>
		<Case_AL>4164</Case_AL>
		<Case_DE>13262</Case_DE>
		<Case_AL_Rate>0.239</Case_AL_Rate>
	</state>
	<state>
		<name>MO</name>
		<Case_AL>5479</Case_AL>
		<Case_DE>16197</Case_DE>
		<Case_AL_Rate>0.2528</Case_AL_Rate>
	</state>
	<state>
		<name>MS</name>
		<Case_AL>2905</Case_AL>
		<Case_DE>14015</Case_DE>
		<Case_AL_Rate>0.1717</Case_AL_Rate>
	</state>
	<state>
		<name>MT</name>
		<Case_AL>678</Case_AL>
		<Case_DE>1321</Case_DE>
		<Case_AL_Rate>0.3392</Case_AL_Rate>
	</state>
	<state>
		<name>NC</name>
		<Case_AL>6874</Case_AL>
		<Case_DE>25963</Case_DE>
		<Case_AL_Rate>0.2093</Case_AL_Rate>
	</state>
	<state>
		<name>ND</name>
		<Case_AL>368</Case_AL>
		<Case_DE>640</Case_DE>
		<Case_AL_Rate>0.3651</Case_AL_Rate>
	</state>
	<state>
		<name>NE</name>
		<Case_AL>1047</Case_AL>
		<Case_DE>3177</Case_DE>
		<Case_AL_Rate>0.2479</Case_AL_Rate>
	</state>
	<state>
		<name>NH</name>
		<Case_AL>2108</Case_AL>
		<Case_DE>1521</Case_DE>
		<Case_AL_Rate>0.5809</Case_AL_Rate>
	</state>
	<state>
		<name>NJ</name>
		<Case_AL>6501</Case_AL>
		<Case_DE>17132</Case_DE>
		<Case_AL_Rate>0.2751</Case_AL_Rate>
	</state>
	<state>
		<name>NM</name>
		<Case_AL>1791</Case_AL>
		<Case_DE>2960</Case_DE>
		<Case_AL_Rate>0.377</Case_AL_Rate>
	</state>
	<state>
		<name>NV</name>
		<Case_AL>1519</Case_AL>
		<Case_DE>3166</Case_DE>
		<Case_AL_Rate>0.3242</Case_AL_Rate>
	</state>
	<state>
		<name>NY</name>
		<Case_AL>18583</Case_AL>
		<Case_DE>33884</Case_DE>
		<Case_AL_Rate>0.3542</Case_AL_Rate>
	</state>
	<state>
		<name>OH</name>
		<Case_AL>12097</Case_AL>
		<Case_DE>34279</Case_DE>
		<Case_AL_Rate>0.2608</Case_AL_Rate>
	</state>
	<state>
		<name>OK</name>
		<Case_AL>4099</Case_AL>
		<Case_DE>11320</Case_DE>
		<Case_AL_Rate>0.2658</Case_AL_Rate>
	</state>
	<state>
		<name>OR</name>
		<Case_AL>2695</Case_AL>
		<Case_DE>6270</Case_DE>
		<Case_AL_Rate>0.3006</Case_AL_Rate>
	</state>
	<state>
		<name>PA</name>
		<Case_AL>15096</Case_AL>
		<Case_DE>31230</Case_DE>
		<Case_AL_Rate>0.3259</Case_AL_Rate>
	</state>
	<state>
		<name>PR</name>
		<Case_AL>4204</Case_AL>
		<Case_DE>5197</Case_DE>
		<Case_AL_Rate>0.4472</Case_AL_Rate>
	</state>
	<state>
		<name>RI</name>
		<Case_AL>1295</Case_AL>
		<Case_DE>4741</Case_DE>
		<Case_AL_Rate>0.2145</Case_AL_Rate>
	</state>
	<state>
		<name>SC</name>
		<Case_AL>3174</Case_AL>
		<Case_DE>10922</Case_DE>
		<Case_AL_Rate>0.2252</Case_AL_Rate>
	</state>
	<state>
		<name>SD</name>
		<Case_AL>562</Case_AL>
		<Case_DE>1070</Case_DE>
		<Case_AL_Rate>0.3444</Case_AL_Rate>
	</state>
	<state>
		<name>TN</name>
		<Case_AL>4317</Case_AL>
		<Case_DE>16046</Case_DE>
		<Case_AL_Rate>0.212</Case_AL_Rate>
	</state>
	<state>
		<name>TX</name>
		<Case_AL>27564</Case_AL>
		<Case_DE>58478</Case_DE>
		<Case_AL_Rate>0.3204</Case_AL_Rate>
	</state>
	<state>
		<name>UT</name>
		<Case_AL>1383</Case_AL>
		<Case_DE>3911</Case_DE>
		<Case_AL_Rate>0.2612</Case_AL_Rate>
	</state>
	<state>
		<name>VA</name>
		<Case_AL>5820</Case_AL>
		<Case_DE>11186</Case_DE>
		<Case_AL_Rate>0.3422</Case_AL_Rate>
	</state>
	<state>
		<name>VI</name>
		<Case_AL>17</Case_AL>
		<Case_DE>8</Case_DE>
		<Case_AL_Rate>0.68</Case_AL_Rate>
	</state>
	<state>
		<name>VT</name>
		<Case_AL>770</Case_AL>
		<Case_DE>1653</Case_DE>
		<Case_AL_Rate>0.3178</Case_AL_Rate>
	</state>
	<state>
		<name>WA</name>
		<Case_AL>6026</Case_AL>
		<Case_DE>17479</Case_DE>
		<Case_AL_Rate>0.2564</Case_AL_Rate>
	</state>
	<state>
		<name>WI</name>
		<Case_AL>5302</Case_AL>
		<Case_DE>11479</Case_DE>
		<Case_AL_Rate>0.316</Case_AL_Rate>
	</state>
	<state>
		<name>WV</name>
		<Case_AL>1762</Case_AL>
		<Case_DE>6174</Case_DE>
		<Case_AL_Rate>0.222</Case_AL_Rate>
	</state>
	<state>
		<name>WY</name>
		<Case_AL>386</Case_AL>
		<Case_DE>399</Case_DE>
		<Case_AL_Rate>0.4917</Case_AL_Rate>
	</state>
	<titles title="Data from ODPMI_XML_Data2.xml file"/>
    <titles title="National Values"/>
    <color color="#7FFFD4"/>
    <color color="#FFE4C4"/>
    <color color="#5F9EA0"/>
    <color color="#E9967A"/>
    <color color="#B8860B"/>
    <color color="#00FF7F"/>
    <color color="#DA70D6"/>
    <color color="#BA55D3"/>
    <color color="#666666"/>
</ODPMI>