<?xml version="1.0" encoding="UTF-8"?>
<ODPMI>
	<state>
		<name>AK</name>
		<CaseCount>19079</CaseCount>
		<Case_AL>4533</Case_AL>
		<Case_DE>14547</Case_DE>
		<Case_AL_Rate>0.2376</Case_AL_Rate>
	</state>
	<state>
		<name>AR</name>
		<CaseCount>18771</CaseCount>
		<Case_AL>5619</Case_AL>
		<Case_DE>13154</Case_DE>
		<Case_AL_Rate>0.2993</Case_AL_Rate>
	</state>
	<state>
		<name>AZ</name>
		<CaseCount>13143</CaseCount>
		<Case_AL>3112</Case_AL>
		<Case_DE>10032</Case_DE>
		<Case_AL_Rate>0.2368</Case_AL_Rate>
	</state>
	<state>
		<name>CA</name>
		<CaseCount>79310</CaseCount>
		<Case_AL>23479</Case_AL>
		<Case_DE>55845</Case_DE>
		<Case_AL_Rate>0.296</Case_AL_Rate>
	</state>
	<state>
		<name>CO</name>
		<CaseCount>6836</CaseCount>
		<Case_AL>2006</Case_AL>
		<Case_DE>4833</Case_DE>
		<Case_AL_Rate>0.2933</Case_AL_Rate>
	</state>
	<state>
		<name>CT</name>
		<CaseCount>11824</CaseCount>
		<Case_AL>2529</Case_AL>
		<Case_DE>9296</Case_DE>
		<Case_AL_Rate>0.2139</Case_AL_Rate>
	</state>
	<state>
		<name>DC</name>
		<CaseCount>3735</CaseCount>
		<Case_AL>1282</Case_AL>
		<Case_DE>2453</Case_DE>
		<Case_AL_Rate>0.3432</Case_AL_Rate>
	</state>
	<state>
		<name>DE</name>
		<CaseCount>2982</CaseCount>
		<Case_AL>574</Case_AL>
		<Case_DE>2408</Case_DE>
		<Case_AL_Rate>0.1925</Case_AL_Rate>
	</state>
	<state>
		<name>EA</name>
		<CaseCount>5944</CaseCount>
		<Case_AL>1846</Case_AL>
		<Case_DE>4099</Case_DE>
		<Case_AL_Rate>0.3105</Case_AL_Rate>
	</state>
	<state>
		<name>EM</name>
		<CaseCount>2052</CaseCount>
		<Case_AL>267</Case_AL>
		<Case_DE>1785</Case_DE>
		<Case_AL_Rate>0.1301</Case_AL_Rate>
	</state>
	<state>
		<name>EO</name>
		<CaseCount>2803</CaseCount>
		<Case_AL>676</Case_AL>
		<Case_DE>2128</Case_DE>
		<Case_AL_Rate>0.2411</Case_AL_Rate>
	</state>
	<state>
		<name>EV</name>
		<CaseCount>2603</CaseCount>
		<Case_AL>848</Case_AL>
		<Case_DE>1756</Case_DE>
		<Case_AL_Rate>0.3257</Case_AL_Rate>
	</state>
	<state>
		<name>FD</name>
		<CaseCount>663</CaseCount>
		<Case_AL>227</Case_AL>
		<Case_DE>436</Case_DE>
		<Case_AL_Rate>0.3424</Case_AL_Rate>
	</state>
	<state>
		<name>FL</name>
		<CaseCount>71717</CaseCount>
		<Case_AL>18148</Case_AL>
		<Case_DE>53574</Case_DE>
		<Case_AL_Rate>0.253</Case_AL_Rate>
	</state>
	<state>
		<name>GA</name>
		<CaseCount>30378</CaseCount>
		<Case_AL>5372</Case_AL>
		<Case_DE>25011</Case_DE>
		<Case_AL_Rate>0.1768</Case_AL_Rate>
	</state>
	<state>
		<name>GU</name>
		<CaseCount>144</CaseCount>
		<Case_AL>77</Case_AL>
		<Case_DE>67</Case_DE>
		<Case_AL_Rate>0.5347</Case_AL_Rate>
	</state>
	<state>
		<name>HI</name>
		<CaseCount>2097</CaseCount>
		<Case_AL>743</Case_AL>
		<Case_DE>1354</Case_DE>
		<Case_AL_Rate>0.3543</Case_AL_Rate>
	</state>
	<state>
		<name>IA</name>
		<CaseCount>8396</CaseCount>
		<Case_AL>2306</Case_AL>
		<Case_DE>6092</Case_DE>
		<Case_AL_Rate>0.2746</Case_AL_Rate>
	</state>
	<state>
		<name>ID</name>
		<CaseCount>4948</CaseCount>
		<Case_AL>1494</Case_AL>
		<Case_DE>3454</Case_DE>
		<Case_AL_Rate>0.3019</Case_AL_Rate>
	</state>
	<state>
		<name>IL</name>
		<CaseCount>37108</CaseCount>
		<Case_AL>9167</Case_AL>
		<Case_DE>27945</Case_DE>
		<Case_AL_Rate>0.247</Case_AL_Rate>
	</state>
	<state>
		<name>IN</name>
		<CaseCount>26569</CaseCount>
		<Case_AL>4801</Case_AL>
		<Case_DE>21771</Case_DE>
		<Case_AL_Rate>0.1807</Case_AL_Rate>
	</state>
	<state>
		<name>IO</name>
		<CaseCount>381</CaseCount>
		<Case_AL>209</Case_AL>
		<Case_DE>172</Case_DE>
		<Case_AL_Rate>0.5486</Case_AL_Rate>
	</state>
	<state>
		<name>KS</name>
		<CaseCount>7230</CaseCount>
		<Case_AL>2059</Case_AL>
		<Case_DE>5173</Case_DE>
		<Case_AL_Rate>0.2847</Case_AL_Rate>
	</state>
	<state>
		<name>KY</name>
		<CaseCount>22555</CaseCount>
		<Case_AL>5077</Case_AL>
		<Case_DE>17479</Case_DE>
		<Case_AL_Rate>0.2251</Case_AL_Rate>
	</state>
	<state>
		<name>LA</name>
		<CaseCount>16561</CaseCount>
		<Case_AL>4913</Case_AL>
		<Case_DE>11653</Case_DE>
		<Case_AL_Rate>0.2966</Case_AL_Rate>
	</state>
	<state>
		<name>MA</name>
		<CaseCount>23479</CaseCount>
		<Case_AL>9919</Case_AL>
		<Case_DE>13563</Case_DE>
		<Case_AL_Rate>0.4224</Case_AL_Rate>
	</state>
	<state>
		<name>MD</name>
		<CaseCount>20351</CaseCount>
		<Case_AL>4910</Case_AL>
		<Case_DE>15442</Case_DE>
		<Case_AL_Rate>0.2413</Case_AL_Rate>
	</state>
	<state>
		<name>ME</name>
		<CaseCount>5212</CaseCount>
		<Case_AL>1490</Case_AL>
		<Case_DE>3722</Case_DE>
		<Case_AL_Rate>0.2859</Case_AL_Rate>
	</state>
	<state>
		<name>MI</name>
		<CaseCount>34483</CaseCount>
		<Case_AL>8977</Case_AL>
		<Case_DE>25515</Case_DE>
		<Case_AL_Rate>0.2603</Case_AL_Rate>
	</state>
	<state>
		<name>MN</name>
		<CaseCount>17424</CaseCount>
		<Case_AL>4164</Case_AL>
		<Case_DE>13262</Case_DE>
		<Case_AL_Rate>0.239</Case_AL_Rate>
	</state>
	<state>
		<name>MO</name>
		<CaseCount>21673</CaseCount>
		<Case_AL>5479</Case_AL>
		<Case_DE>16197</Case_DE>
		<Case_AL_Rate>0.2528</Case_AL_Rate>
	</state>
	<state>
		<name>MS</name>
		<CaseCount>16920</CaseCount>
		<Case_AL>2905</Case_AL>
		<Case_DE>14015</Case_DE>
		<Case_AL_Rate>0.1717</Case_AL_Rate>
	</state>
	<state>
		<name>MT</name>
		<CaseCount>1998</CaseCount>
		<Case_AL>678</Case_AL>
		<Case_DE>1321</Case_DE>
		<Case_AL_Rate>0.3392</Case_AL_Rate>
	</state>
	<state>
		<name>NC</name>
		<CaseCount>32836</CaseCount>
		<Case_AL>6874</Case_AL>
		<Case_DE>25963</Case_DE>
		<Case_AL_Rate>0.2093</Case_AL_Rate>
	</state>
	<state>
		<name>ND</name>
		<CaseCount>1008</CaseCount>
		<Case_AL>368</Case_AL>
		<Case_DE>640</Case_DE>
		<Case_AL_Rate>0.3651</Case_AL_Rate>
	</state>
	<state>
		<name>NE</name>
		<CaseCount>4224</CaseCount>
		<Case_AL>1047</Case_AL>
		<Case_DE>3177</Case_DE>
		<Case_AL_Rate>0.2479</Case_AL_Rate>
	</state>
	<state>
		<name>NH</name>
		<CaseCount>3629</CaseCount>
		<Case_AL>2108</Case_AL>
		<Case_DE>1521</Case_DE>
		<Case_AL_Rate>0.5809</Case_AL_Rate>
	</state>
	<state>
		<name>NJ</name>
		<CaseCount>23628</CaseCount>
		<Case_AL>6501</Case_AL>
		<Case_DE>17132</Case_DE>
		<Case_AL_Rate>0.2751</Case_AL_Rate>
	</state>
	<state>
		<name>NM</name>
		<CaseCount>4746</CaseCount>
		<Case_AL>1791</Case_AL>
		<Case_DE>2960</Case_DE>
		<Case_AL_Rate>0.377</Case_AL_Rate>
	</state>
	<state>
		<name>NV</name>
		<CaseCount>4682</CaseCount>
		<Case_AL>1519</Case_AL>
		<Case_DE>3166</Case_DE>
		<Case_AL_Rate>0.3242</Case_AL_Rate>
	</state>
	<state>
		<name>NY</name>
		<CaseCount>52461</CaseCount>
		<Case_AL>18583</Case_AL>
		<Case_DE>33884</Case_DE>
		<Case_AL_Rate>0.3542</Case_AL_Rate>
	</state>
	<state>
		<name>OH</name>
		<CaseCount>46374</CaseCount>
		<Case_AL>12097</Case_AL>
		<Case_DE>34279</Case_DE>
		<Case_AL_Rate>0.2608</Case_AL_Rate>
	</state>
	<state>
		<name>OK</name>
		<CaseCount>15418</CaseCount>
		<Case_AL>4099</Case_AL>
		<Case_DE>11320</Case_DE>
		<Case_AL_Rate>0.2658</Case_AL_Rate>
	</state>
	<state>
		<name>OR</name>
		<CaseCount>8964</CaseCount>
		<Case_AL>2695</Case_AL>
		<Case_DE>6270</Case_DE>
		<Case_AL_Rate>0.3006</Case_AL_Rate>
	</state>
	<state>
		<name>PA</name>
		<CaseCount>46325</CaseCount>
		<Case_AL>15096</Case_AL>
		<Case_DE>31230</Case_DE>
		<Case_AL_Rate>0.3259</Case_AL_Rate>
	</state>
	<state>
		<name>PR</name>
		<CaseCount>9401</CaseCount>
		<Case_AL>4204</Case_AL>
		<Case_DE>5197</Case_DE>
		<Case_AL_Rate>0.4472</Case_AL_Rate>
	</state>
	<state>
		<name>RI</name>
		<CaseCount>6036</CaseCount>
		<Case_AL>1295</Case_AL>
		<Case_DE>4741</Case_DE>
		<Case_AL_Rate>0.2145</Case_AL_Rate>
	</state>
	<state>
		<name>SC</name>
		<CaseCount>14095</CaseCount>
		<Case_AL>3174</Case_AL>
		<Case_DE>10922</Case_DE>
		<Case_AL_Rate>0.2252</Case_AL_Rate>
	</state>
	<state>
		<name>SD</name>
		<CaseCount>1632</CaseCount>
		<Case_AL>562</Case_AL>
		<Case_DE>1070</Case_DE>
		<Case_AL_Rate>0.3444</Case_AL_Rate>
	</state>
	<state>
		<name>TN</name>
		<CaseCount>20356</CaseCount>
		<Case_AL>4317</Case_AL>
		<Case_DE>16046</Case_DE>
		<Case_AL_Rate>0.212</Case_AL_Rate>
	</state>
	<state>
		<name>TX</name>
		<CaseCount>86026</CaseCount>
		<Case_AL>27564</Case_AL>
		<Case_DE>58478</Case_DE>
		<Case_AL_Rate>0.3204</Case_AL_Rate>
	</state>
	<state>
		<name>UT</name>
		<CaseCount>5291</CaseCount>
		<Case_AL>1383</Case_AL>
		<Case_DE>3911</Case_DE>
		<Case_AL_Rate>0.2612</Case_AL_Rate>
	</state>
	<state>
		<name>VA</name>
		<CaseCount>17002</CaseCount>
		<Case_AL>5820</Case_AL>
		<Case_DE>11186</Case_DE>
		<Case_AL_Rate>0.3422</Case_AL_Rate>
	</state>
	<state>
		<name>VI</name>
		<CaseCount>25</CaseCount>
		<Case_AL>17</Case_AL>
		<Case_DE>8</Case_DE>
		<Case_AL_Rate>0.68</Case_AL_Rate>
	</state>
	<state>
		<name>VT</name>
		<CaseCount>2423</CaseCount>
		<Case_AL>770</Case_AL>
		<Case_DE>1653</Case_DE>
		<Case_AL_Rate>0.3178</Case_AL_Rate>
	</state>
	<state>
		<name>WA</name>
		<CaseCount>23499</CaseCount>
		<Case_AL>6026</Case_AL>
		<Case_DE>17479</Case_DE>
		<Case_AL_Rate>0.2564</Case_AL_Rate>
	</state>
	<state>
		<name>WI</name>
		<CaseCount>16772</CaseCount>
		<Case_AL>5302</Case_AL>
		<Case_DE>11479</Case_DE>
		<Case_AL_Rate>0.316</Case_AL_Rate>
	</state>
	<state>
		<name>WV</name>
		<CaseCount>7935</CaseCount>
		<Case_AL>1762</Case_AL>
		<Case_DE>6174</Case_DE>
		<Case_AL_Rate>0.222</Case_AL_Rate>
	</state>
	<state>
		<name>WY</name>
		<CaseCount>785</CaseCount>
		<Case_AL>386</Case_AL>
		<Case_DE>399</Case_DE>
		<Case_AL_Rate>0.4917</Case_AL_Rate>
	</state>
	<titles title="Data from ODPMI_XML_Data.xml file"/>
    <titles title="National Values"/>
    <color color="#ff0000"/>
    <color color="#cc4400"/>
    <color color="#888800"/>
    <color color="#44cc00"/>
    <color color="#00cc44"/>
    <color color="#008888"/>
    <color color="#0044cc"/>
    <color color="#0000ff"/>
    <color color="#666666"/>
</ODPMI>